{
  "id": "LGHT", # internal id
  "name" : "Lighthouse", # displayed to the player
  "version" : "1.1.0", # mod version
  "description" : "Adds a system at the edge of the Abyss, a light in the dark.", # a nice read
  "author" : "Janekge", # who made this
  "gameVersion" : "0.98a-RC8", # compatible game version
  "modPlugin" : "data.scripts.LighthouseModPlugin", # location of the mod plugin
  "jars" : ["jars/Lighthouse.jar"], # location of the jar
  "dependencies" : [


  ] # other required mods
}